{
  "Static (train 2016)": 0.586173001310616,
  "Static (test 2021)": 0.46233552631578945,
  "Sliding-window (test 2021)": 0.5421052631578948,
  "Fine-tuned (test 2021)": 0.5473684210526316
}